angDist,ID,RA,Dec,Obs date,Sem,RA_search,Dec_search,TIC,owner,name,date,wav,rho,theta,B/A,delm,see,rho*see,notes,g_group,ap_type,j-k,period,power,sigma,ra_tic,dec_tic,ra_epoch2000,dec_epoch2000,errHalfMaj,errHalfMin,errPosAng,source_id,ra,ra_error,dec,dec_error,parallax,parallax_error,parallax_over_error,pm,pmra,pmra_error,pmdec,pmdec_error,astrometric_n_good_obs_al,astrometric_gof_al,astrometric_chi2_al,astrometric_excess_noise,astrometric_excess_noise_sig,astrometric_params_solved,pseudocolour,pseudocolour_error,visibility_periods_used,ruwe,duplicated_source,phot_g_mean_flux,phot_g_mean_flux_error,phot_g_mean_mag,phot_bp_mean_flux,phot_bp_mean_flux_error,phot_bp_mean_mag,phot_rp_mean_flux,phot_rp_mean_mag,bp_rp,dr2_radial_velocity,dr2_radial_velocity_error,dr2_rv_nb_transits,dr2_rv_template_teff,dr2_rv_template_logg,panstarrs1,sdssdr13,skymapper2,urat1,phot_g_mean_mag_error,phot_bp_mean_mag_error,phot_rp_mean_mag_error,phot_g_mean_mag_corrected,phot_g_mean_mag_error_corrected,phot_g_mean_flux_corrected
0.003083,,,,,,,,45404408,,,,,,,,,,,,16,Percentile,0.863999999999999,28.0,0,0.026317994331565,130.28371284245,-53.97905019792,130.28371141005,-53.97905035258,0.001,0.001,91,5317891964614977792,130.28352441343,0.0495,-53.97894920748,0.0544,6.4835,0.0529,122.5232,33.617,-24.743,0.06,22.758,0.066,285,-0.445,298.76,0.052,0.0989,31,,,24,0.98,0,3191.36,4.072,16.927425,405.287,8.20578,18.819136,4430.08,15.631867,3.187268,,,0,,,,,,,0.003084,0.022159,0.005141,16.927425,0.003084,3191.36
0.002458,IC2391b083418-5215,08:34:18.1,-52:15:58,20200114,GS2019B,08:34:18.1,-52:15:58,92475268,,,,,,,,,,,,12,Pipeline,0.572999999999999,8.01740923147406,0,0.025404572207345,128.57562366969,-52.2660407817,128.57562279893,-52.26604120843,0.0,0.0,59,5321275295028390912,128.57545322546,0.0079,-52.2659381809,0.0086,6.501,0.0088,738.402,32.903,-23.35,0.011,23.181,0.011,345,-3.2885,477.56,0.043,2.751,31,,,28,0.876,0,295154.0,337.406,12.012246,134065.0,600.155,12.520253,229813.0,11.344457,1.175797,14.9,0.59,6,5000.0,4.5,,,465800683,,0.003022,0.005604,0.004895,12.012246,0.003022,295154.0
0.00663,,,,,,,,92477888,,,,,,,,,,,,16,Percentile,0.819000000000001,28.0,0,0.024657088472593,128.67766738034,-53.28405602594,128.67766700629,-53.28405419802,0.001,0.001,73,5321150951435896064,128.67749037169,0.0304,-53.28394865637,0.0324,6.7175,0.034,197.566,33.593,-23.76,0.039,23.747,0.045,315,2.3826,399.7,0.138,1.823,31,,,26,1.096,0,7623.43,13.0452,15.981991,1129.22,14.4955,17.706596,10282.3,14.717672,2.988924,,,0,,,,,465838299,,0.003323,0.014214,0.005723,15.981991,0.003323,7623.43
0.001986,,,,,,,,92580385,,,,,,,,,,,,16,Pipeline,0.930999999999999,28.0,0,0.026518852148687,128.79803218054,-53.45363226686,128.79803178707,-53.45363176756,0.001,0.001,117,5318143752776545280,128.79785383587,0.033,-53.4535238504,0.0374,6.5214,0.037,176.0987,34.03,-23.842,0.044,24.281,0.048,313,-0.8212,310.15,0.0,0.0,31,,,25,0.966,0,5956.92,4.70096,16.249813,851.755,8.09568,18.012754,8115.16,14.974652,3.038102,,,0,,,,,465827793,,0.002885,0.01069,0.00444,16.249813,0.002885,5956.92
0.001235,,,,,,,,92581404,,,,,,,,,,,,15,Percentile,0.871,28.0,0,0.028970492558058,128.77971709683,-53.07363143407,128.77971659891,-53.07363160179,0.001,0.001,95,5321172323192731008,128.77954369826,0.0237,-53.0735251044,0.0262,6.5905,0.0275,239.7737,33.473,-23.372,0.034,23.962,0.038,294,0.3718,308.98,0.025,0.08316,31,,,21,1.014,0,11406.1,14.2611,15.544523,1883.9,11.9,17.150898,14847.8,14.318744,2.832154,,,0,,,,,465762652,,0.003072,0.007404,0.004826,15.544523,0.003072,11406.1
0.002213,IC2391b083501-5214,08:35:01.2,-52:14:01,20200114,GS2019B,08:35:01.2,-52:14:01,92583560,,,,,,,,,,,,11,Pipeline,0.591000000000001,5.0218810531602,0,0.028337319886356,128.75496818659,-52.23373044947,128.75496758012,-52.23373093916,0.0,0.0,47,5321280728169745536,128.75479026219,0.008,-52.2336221106,0.0082,6.8293,0.0088,773.607,34.592,-24.434,0.01,24.486,0.01,389,-3.3603,582.64,0.054,4.471,31,,,28,0.88,0,326156.0,480.555,11.903805,146269.0,757.471,12.425661,256541.0,11.225005,1.200656,17.26,2.55,5,5500.0,4.5,,,465781841,,0.003186,0.006277,0.005322,11.903805,0.003186,326156.0
0.001442,,,,,,,,92740990,,,,,,,,,,,,17,Threshold,0.799,28.0,0,0.026988824093004,129.00936393163,-52.62111241876,129.00936333134,-52.62111225265,0.001,0.001,110,5321210870519453440,129.00918692685,0.0508,-52.62100410873,0.0593,6.572,0.0591,111.2904,34.244,-24.096,0.07,24.332,0.076,334,1.2399,405.3,0.217,1.431,31,,,25,1.048,0,2641.35,2.46514,17.132803,325.386,8.5664,19.057545,3719.65,15.82164,3.235905,,,0,,,,,465757304,,0.002936,0.02872,0.005157,17.132803,0.002936,2641.35
0.002643,,,,,,,,92741130,,,,,,,,,,,,16,Percentile,0.843,16.4049683618467,0,0.029598876016605,128.86659062199,-52.67554678135,128.86659182128,-52.6755466793,0.001,0.001,29,5321251591111558400,128.86642099344,0.0378,-52.67544583824,0.0392,6.6608,0.0414,161.0796,32.526,-23.305,0.047,22.689,0.046,349,-0.1943,371.47,0.0,0.0,31,,,26,0.992,0,4516.58,4.59053,16.550343,601.967,9.4918,18.38961,6239.47,15.260027,3.129583,,,0,,,,,465759071,,0.002968,0.017346,0.004552,16.550343,0.002968,4516.58
0.001805,IC2391m083545-5315,08:35:45.5,-53:15:24,20200110,GS2019B,08:35:45.5,-53:15:24,92742627,,,,,,,,,,,,12,Threshold,0.676,28.0,0,0.02579296932965,128.93966522524,-53.25672667054,128.93966471812,-53.25672706967,0.0,0.0,97,5321154967220812032,128.93948214339,0.0082,-53.25662179975,0.0088,6.5654,0.0094,694.7665,34.131,-24.575,0.011,23.686,0.011,323,-1.4108,439.34,0.042,2.5,31,,,23,0.944,0,257936.0,225.858,12.158587,107794.0,348.453,12.757059,214694.0,11.418346,1.338713,,,0,,,,,465762083,,0.002915,0.004484,0.004561,12.158587,0.002915,257936.0
0.005596,,,,,,,,92747418,,,,,,,,,,,,15,Threshold,0.843,28.0,0,0.027736720318575,129.223276582,-52.84210778073,129.22327710395,-52.84210930284,0.001,0.001,59,5321192457993772672,129.22309974292,0.0288,-52.84200602316,0.0325,6.4195,0.0324,198.1129,33.481,-24.104,0.037,23.238,0.038,359,2.8953,454.82,0.151,2.535,31,,,26,1.11,0,8084.61,5.83733,15.91822,1378.05,10.6576,17.490383,10476.9,14.697312,2.793071,,,0,,,,,465757507,,0.002865,0.008848,0.004128,15.91822,0.002865,8084.61
0.002808,,,,,,,,92827857,,,,,,,,,,,,16,Pipeline,0.880000000000001,28.0,0,0.02848318804022,129.08714056231,-52.66998328327,129.08714183939,-52.66998337728,0.001,0.001,41,5321209809668118912,129.08696552774,0.0461,-52.6698784854,0.0483,6.5598,0.0517,126.7772,33.7,-24.056,0.065,23.601,0.063,336,6.3029,587.53,0.358,7.483,31,,,27,1.254,0,4955.34,6.0016,16.449682,612.679,8.43205,18.37046,7079.16,15.122942,3.247519,,,0,,,,,465757234,,0.003053,0.015201,0.004229,16.449682,0.003053,4955.34
0.000269,,,,,,,,93011540,,,,,,,,,,,,16,Pipeline,0.955,13.4093194770365,0,0.033711398755939,129.31689254174,-52.36101402002,129.31689260197,-52.36101395509,0.001,0.001,25,5321589862736049920,129.31671542219,0.0446,-52.36091063058,0.0443,6.5147,0.0496,131.4217,33.662,-24.345,0.059,23.248,0.053,383,1.2374,451.83,0.186,1.474,31,,,27,1.044,0,3427.12,2.65763,16.850042,434.247,7.63495,18.7442,4731.01,15.560512,3.183688,,,0,,,,,465776452,,0.002881,0.019292,0.004296,16.850042,0.002881,3427.12
0.00116,,,,,,,,93011965,,,,,,,,,,,,16,Percentile,1.207,28.0,0,0.024411461966713,129.23366509635,-52.52265946248,129.23366512337,-52.52265914065,0.001,0.001,96,5321212730245914752,129.23349293359,0.0273,-52.52255832103,0.0335,6.4273,0.0326,196.861,32.715,-23.573,0.036,22.684,0.04,347,-0.7106,339.24,0.0,0.0,31,,,26,0.972,0,7102.25,4.64237,16.058876,1152.18,12.2732,17.684742,9342.17,14.821776,2.862966,,,0,,,,,,,0.002845,0.011897,0.004438,16.058876,0.002845,7102.25
0.000709,IC2391f083702-5246,08:37:02.3,-52:46:59,20200114,GS2019B,08:37:02.3,-52:46:59,93012639,,,,,,,,,,,,13,Threshold,0.891999999999999,28.0,0,0.025805119131448,129.25941362314,-52.78315276946,129.25941329751,-52.78315276393,0.0,0.0,170,5321193729310746240,129.25924271177,0.0093,-52.78304746188,0.0094,6.5737,0.0103,638.4757,33.17,-23.215,0.012,23.693,0.012,436,2.285,468.57,0.0,1.936e-15,31,,,28,1.078,0,67350.3,55.6818,13.616519,20307.4,75.2722,14.569407,69186.1,12.647848,1.921558,,,0,,,,,465756364,,0.002898,0.004897,0.004398,13.616519,0.002898,67350.3
0.000102,IC2391m083724-5254,08:37:24.6,-52:54:11,20200112,GS2019B,08:37:24.6,-52:54:11,93012997,,,,,,,,,,,,12,Threshold,0.773999999999999,28.0,0,0.029429106283296,129.35264991207,-52.90303676107,129.3526499125,-52.90303673274,0.0,0.0,5,5321188953307253760,129.35247347702,0.0122,-52.90293663655,0.0127,6.5513,0.0135,484.806,32.872,-23.944,0.017,22.522,0.015,363,6.8683,897.64,0.115,14.82,31,,,28,1.266,0,129017.0,310.079,12.910749,47547.8,434.546,13.645717,117456.0,12.073209,1.572508,15.5,4.71,8,4000.0,3.0,,,465754773,,0.003795,0.010308,0.007376,12.910749,0.003795,129017.0
0.001117,,,,,,,,93013088,,,,,,,,,,,,17,Percentile,1.018,28.0,0,0.027768549698003,129.32573659929,-52.93246355997,129.32573643708,-52.93246385443,0.002,0.002,170,5321188059954151168,129.3255559953,0.0813,-52.93236134896,0.0876,6.6842,0.0889,75.1859,33.627,-24.472,0.12,23.064,0.108,348,1.6108,406.83,0.302,1.188,31,,,26,1.061,0,1370.77,11.8471,17.844955,249.664,27.7744,19.345154,1922.85,16.53803,2.807123,,,0,,,,,465754890,,0.00978,0.120817,0.01833,17.844955,0.00978,1370.77
0.002549,IC2391b083654-5308,08:36:55.0,-53:08:34,20190522,GS2019A,08:36:55.0,-53:08:34,93013696,,,,,,,,,,,,11,Threshold,0.503,4.08222772998979,0,0.032758159262399,129.22912566929,-53.14285310096,129.22912491025,-53.14285364324,0.0,0.0,180,5318176875565072768,129.22894816886,0.0118,-53.14274730828,0.01,6.7427,0.0119,566.8832,33.784,-23.853,0.015,23.925,0.012,350,-4.273,941.23,0.095,13.84,31,,,24,0.841,0,548829.0,837.523,11.338775,275783.0,1463.0,11.737124,389979.0,10.770293,0.96683,16.2,1.52,8,5000.0,4.5,,,465759967,,0.003215,0.0064,0.005547,11.338775,0.003215,548829.0
0.00123,IC2391f083715-5320,08:37:15.2,-53:20:18,20200110,GS2019B,08:37:15.2,-53:20:18,93014257,,,,,,,,,,,,13,Threshold,0.843,4.36008035005217,0,0.031459323527953,129.31337202055,-53.33843710736,129.31337175521,-53.33843741015,0.0,0.0,19,5318170828251553792,129.31319319756,0.0097,-53.33833457873,0.0098,6.5971,0.0107,618.859,33.328,-23.988,0.013,23.137,0.012,353,1.2103,358.98,0.0,0.0,31,,,27,1.045,0,79078.0,141.998,13.442227,25193.8,178.07,14.335309,79117.1,12.502219,1.83309,9.66,12.47,9,5500.0,4.5,,,465750627,,0.003375,0.008166,0.006167,13.442227,0.003375,79078.0
0.008437,,,,,,,,93016462,,,,,,,,,,,,17,Pipeline,0.896000000000001,12.5173230810497,0,0.029278771299509,129.41908043964,-53.7660826971,129.41908375343,-53.76608398377,0.001,0.001,130,5318079014723994624,129.41889868058,0.0535,-53.76597330653,0.0556,6.8629,0.0627,109.3852,35.014,-24.614,0.08,24.902,0.082,342,-0.4716,367.81,0.0,0.0,31,,,24,0.981,0,2344.87,4.4312,17.26207,272.997,7.49345,19.248148,3355.43,15.933524,3.314624,,,0,,,,,465821080,,0.003435,0.029933,0.006532,17.26207,0.003435,2344.87
0.00236,IC2391b083751-5345,08:37:51.6,-53:45:46,20190522,GS2019A,08:37:51.6,-53:45:46,93016484,,,,,,,,,,,,11,Percentile,0.436999999999999,4.5306710247407,0,0.027005785334797,129.46486763036,-53.76271807207,129.46486697208,-53.76271859955,0.0,0.0,165,5318077507199948672,129.4646817066,0.0104,-53.76261237611,0.0105,6.6639,0.0117,571.433,34.328,-24.641,0.015,23.9,0.013,344,-4.8901,844.02,0.098,16.46,31,,,25,0.817,0,602675.0,608.412,11.237159,308192.0,1024.89,11.616488,420332.0,10.688914,0.927574,14.86,0.8,8,5500.0,4.5,,,465820932,,0.002965,0.004563,0.00466,11.237159,0.002965,602675.0
0.005703,,,,,,,,93018819,,,,,,,,,,,,17,Pipeline,0.831,28.0,0,0.025314074403379,129.49659954808,-53.36538374627,129.49660049512,-53.36538522608,0.002,0.002,4,5318158213924945152,129.49642583993,0.0903,-53.36527880254,0.0873,6.5101,0.098,66.4033,33.515,-23.449,0.115,23.945,0.106,341,1.8484,437.72,0.324,1.341,31,,,25,1.071,0,1290.37,1.74612,17.910582,112.146,7.76435,20.214087,1881.76,16.561485,3.652601,,,0,,,,,465748353,,0.003123,0.075222,0.006053,17.910582,0.003123,1290.37
0.001585,IC2391m083756-5257,08:37:56.2,-52:57:06,20200112,GS2019B,08:37:56.2,-52:57:06,93021329,,,,,,,,,,,,12,Threshold,0.725000000000001,0.233798982974424,0,0.026369904202133,129.48431240134,-52.95152894706,129.4843120071,-52.95152931789,0.0,0.0,3,5318185667356683392,129.48413735918,0.009,-52.95142337208,0.0083,6.6901,0.0097,690.512,33.597,-23.675,0.012,23.838,0.01,343,-0.4304,450.92,0.035,1.534,31,,,26,0.983,0,176960.0,480.008,12.567677,71073.0,643.885,13.209281,152740.0,11.788011,1.42127,11.05,5.75,2,5500.0,4.5,,,465754451,,0.004033,0.010224,0.007979,12.567677,0.004033,176960.0
0.009391,,,,,,,,93021434,,,,,,,,,,,,16,Pipeline,0.892000000000001,13.4693092168559,0,0.037739662246314,129.48692881524,-52.9318475396,129.48693201966,-52.93184578631,0.001,0.001,9,5318185706017892736,129.48674428319,0.0486,-52.93174092494,0.0477,6.6223,0.0538,123.1898,34.712,-25.461,0.067,23.594,0.058,351,8.8992,697.34,0.427,12.71,31,,,26,1.356,0,5411.71,4.55513,16.35403,745.601,11.5949,18.157276,7553.46,15.052531,3.104745,,,0,,,,,465754490,,0.002903,0.017113,0.004244,16.35403,0.002903,5411.71
0.002133,,,,,,,,93022865,,,,,,,,,,,,15,Percentile,0.863999999999999,28.0,0,0.027083038293752,129.50509333216,-52.53385073249,129.50509319423,-52.53385131899,0.0,0.0,176,5321572442349020160,129.50491226048,0.0227,-52.53374503309,0.0212,6.7805,0.0239,283.3847,34.426,-24.764,0.029,23.914,0.026,411,0.1159,426.38,0.0,0.0,31,,,28,1.003,0,10105.0,10.9263,15.67603,1666.32,14.5155,17.284145,13206.6,14.44592,2.838225,,,0,,,,,465734273,,0.002995,0.009861,0.005121,15.67603,0.002995,10105.0
0.00182,IC2391m083836-5206,08:38:36.1,-52:06:39,20200109,GS2019B,08:38:36.1,-52:06:39,93265597,,,,,,,,,,,,12,Percentile,0.755000000000001,28.0,0,0.027430943877547,129.65039426334,-52.11077544047,129.65039376954,-52.11077584513,0.0,0.0,157,5321600445535344000,129.65021357211,0.0098,-52.11067051561,0.0092,6.664,0.0102,653.619,34.375,-24.9,0.013,23.699,0.012,341,2.4063,548.56,0.061,4.529,31,,,24,1.093,0,182732.0,194.485,12.53283,72528.0,276.322,13.187278,158484.0,11.747934,1.439344,11.74,6.47,9,5500.0,4.5,,,465768788,,0.002988,0.00499,0.004765,12.53283,0.002988,182732.0
0.004454,,,,,,,,93266844,,,,,,,,,,,,17,Pipeline,0.91,28.0,0,0.027004754438792,129.67609648925,-52.51032316415,129.67609822292,-52.51032251783,0.001,0.001,113,5321573370061907072,129.67591350341,0.0519,-52.51021715968,0.0589,6.7036,0.0638,105.0042,34.667,-25.295,0.07,23.706,0.077,308,-0.9222,320.8,0.0,0.0,31,,,24,0.962,0,2405.16,3.66579,17.234509,268.681,7.29462,19.265451,3463.3,15.899172,3.36628,,,0,,,,,465732629,,0.003214,0.029609,0.00549,17.234509,0.003214,2405.16
0.002514,IC2391b083902-5242,08:39:02.8,-52:42:39,20190522,GS2019A,08:39:02.8,-52:42:39,93267406,,,,,,,,,,,,10,Percentile,0.153000000000001,28.0,0,0.030121996602488,129.76173547682,-52.71069531471,129.76173460579,-52.71069577197,0.0,0.0,46,5318565656005527936,129.76156153849,0.0087,-52.71058935991,0.01,6.5648,0.0102,644.0002,33.613,-23.591,0.013,23.943,0.013,361,-2.3921,584.89,0.059,4.691,31,,,26,0.911,0,981181.0,1490.7,10.707994,500906.0,2805.04,11.089152,682206.0,10.163107,0.926045,11.82,3.91,9,5500.0,4.5,,,465730277,,0.003211,0.00669,0.005732,10.707994,0.003211,981181.0
0.002232,,,,,,,,93267903,,,,,,,,,,,,16,Percentile,0.885999999999999,28.0,0,0.026344229225265,129.65406138196,-52.87844099098,129.6540623198,-52.8784407377,0.001,0.001,3,5318187007391037184,129.65389133549,0.0462,-52.8783367025,0.047,6.4477,0.0518,124.3703,32.97,-23.218,0.059,23.408,0.055,343,-0.657,347.9,0.0,0.0,31,,,26,0.974,0,3174.01,3.09345,16.933344,426.18,9.0973,18.76456,4390.93,15.641503,3.123057,,,0,,,,,465752557,,0.002952,0.023344,0.004868,16.933344,0.002952,3174.01
0.008354,,,,,,,,93268062,,,,,,,,,,,,15,Percentile,0.849,28.0,0,0.028743451140048,129.63589837941,-52.93519782821,129.63589495732,-52.93519676469,0.001,0.001,6,5318186565011453056,129.63571609229,0.0429,-52.93509528912,0.0431,6.5586,0.0472,138.8278,33.312,-24.256,0.059,22.832,0.052,363,20.7329,1295.81,0.456,29.09,31,,,28,1.866,0,9942.9,8.92399,15.693584,1744.25,8.76349,17.23452,13254.6,14.441982,2.792538,,,0,,,,,465752252,,0.002923,0.006127,0.004128,15.693584,0.002923,9942.9
0.003321,IC2391b083822-5256,08:38:22.9,-52:56:48,20190522,GS2019A,08:38:22.9,-52:56:48,93268096,,,,,,,,,,,,10,Pipeline,0.404,3.94838891630826,0,0.02525609543083,129.59545600013,-52.94667737254,129.59545505191,-52.94667809679,0.0,0.0,19,5318186221414047104,129.59526980026,0.0084,-52.94656961304,0.0084,6.6944,0.0093,719.6805,35.023,-25.116,0.011,24.409,0.01,384,-4.4016,566.74,0.053,3.98,31,,,28,0.844,0,916789.0,600.397,10.781693,486496.0,1044.13,11.120845,614607.0,10.276402,0.844442,15.43,0.71,9,5500.0,4.5,,,465752344,,0.002846,0.003635,0.004083,10.781693,0.002846,916789.0
0.003168,IC2391b083855-5257,08:38:55.7,-52:57:52,20190522,GS2019A,08:38:55.7,-52:57:52,93268140,,,,,,,,,,,,10,Pipeline,0.433,5.01351859478236,0,0.026500595092073,129.73192824766,-52.96435449632,129.73192790366,-52.96435535161,0.0,0.0,26,5318182648001349248,129.73174986165,0.0109,-52.96425120081,0.0115,6.5714,0.0127,519.122,33.635,-24.128,0.015,23.434,0.013,350,0.7,842.15,0.088,11.61,31,,,26,1.026,0,1674470.0,641.24,10.127673,884695.0,637.944,10.471559,1124280.0,9.620705,0.850854,,,0,,,,,465752131,,0.002787,0.002898,0.003837,10.127673,0.002787,1674470.0
0.003248,,,,,,,,93268298,,,,,,,,,,,,15,Pipeline,0.852,28.0,0,0.027212253066713,129.74474214199,-53.02352571033,129.74474119607,-53.02352641068,0.001,0.001,2,5318182197023848448,129.7445592235,0.0315,-53.02342540047,0.03,6.5394,0.035,186.7297,33.512,-24.627,0.039,22.727,0.032,323,3.2389,422.21,0.139,2.283,31,,,25,1.13,0,8979.13,10.3524,15.804281,1549.34,30.4055,17.363173,11820.3,14.566326,2.796846,,,0,,,,,,,0.003026,0.021489,0.006078,15.804281,0.003026,8979.13
0.004627,,,,,,,,93268933,,,,,,,,,,,,16,Percentile,0.892999999999999,28.0,0,0.025883382965038,129.60128893951,-53.25128816235,129.60128721519,-53.25128739595,0.001,0.001,30,5318160692128569472,129.60110588462,0.0424,-53.25118558214,0.0451,6.5409,0.0484,135.2158,33.476,-24.411,0.055,22.908,0.053,370,-0.7447,390.79,0.0,0.0,31,,,26,0.972,0,3386.14,2.70197,16.863104,383.951,5.41022,18.877853,4829.96,15.538037,3.339816,,,0,,,,,465748455,,0.002888,0.015551,0.00434,16.863104,0.002888,3386.14
0.000847,IC2391f083858-5319,08:38:58.7,-53:19:13,20200110,GS2019B,08:38:58.7,-53:19:13,93269120,,,,,,,,,,,,13,Threshold,0.924999999999999,6.20100101873588,0,0.025501210556033,129.74477841259,-53.32017968533,129.74477802644,-53.32017973111,0.0,0.0,40,5318162238316886528,129.74459316265,0.0087,-53.32007745843,0.0096,6.6387,0.0101,656.4052,33.865,-24.846,0.011,23.011,0.011,354,0.9708,374.9,0.0,0.0,31,,,27,1.036,0,112228.0,65.6596,13.062116,32097.3,77.7299,14.072372,118708.0,12.061696,2.010676,16.87,11.83,10,4000.0,3.0,,,465747637,,0.002828,0.003834,0.004064,13.062116,0.002828,112228.0
0.008196,IC2391m083922-5355,08:39:22.6,-53:55:06,20200110,GS2019B,08:39:22.6,-53:55:06,93270923,DOUGLAS,h212002_f1r,2020-01-10,832,0.416,16.589,0.048,3.29,0.84,0.351,c,12,Percentile,0.699,1.80768783813447,0,0.030028343445943,129.84402366773,-53.91825020901,129.84402235801,-53.91824806702,0.001,0.001,41,5318059532750974720,129.84383915848,0.0338,-53.91814614853,0.0361,6.5082,0.0383,170.0752,33.394,-24.276,0.047,22.932,0.046,385,65.0558,9878.12,0.466,333.3,31,,,27,4.126,0,242491.0,242.561,12.225629,104344.0,393.616,12.792371,202307.0,11.482868,1.309503,16.94,0.94,9,4000.0,3.0,,,465656139,,0.002962,0.004956,0.004682,12.225629,0.002962,242491.0
0.002241,,,,,,,,93272005,,,,,,,,,,,,15,Threshold,0.834,28.0,0,0.031099244034577,129.8533882851,-53.53537968998,129.85338802378,-53.53538029275,0.001,0.0,23,5318104307796222464,129.85320656409,0.0269,-53.53527972527,0.0236,6.6661,0.0278,240.0016,33.179,-24.265,0.035,22.628,0.03,299,0.3265,312.61,0.0,0.0,31,,,26,1.012,0,10504.9,6.70127,15.633886,1803.31,13.5148,17.198368,13540.5,14.418807,2.779561,,,0,,,,,465744908,,0.002841,0.008602,0.004033,15.633886,0.002841,10504.9
0.001413,,,,,,,,93273279,,,,,,,,,,,,17,Percentile,0.921000000000001,28.0,0,0.028236146844766,129.91901438012,-53.10208792315,129.91901426407,-53.10208830945,0.002,0.001,84,5318541428084843904,129.91883141091,0.0702,-53.10198064177,0.0756,6.5428,0.0823,79.4549,34.598,-24.701,0.093,24.225,0.097,279,-0.4487,291.08,0.0,0.0,31,,,24,0.98,0,1839.68,3.16458,17.525509,195.107,8.04236,19.612862,2639.45,16.19411,3.418751,,,0,,,,,465740870,,0.003329,0.044841,0.006506,17.525509,0.003329,1839.68
0.001736,,,,,,,,93273595,,,,,,,,,,,,15,Threshold,0.896000000000001,21.5782983970407,0,0.036465138119488,129.90796827589,-53.00092825395,129.90796786136,-53.00092866673,0.001,0.0,8,5318544971443141632,129.90778355705,0.0268,-53.00082911789,0.0249,6.6407,0.0282,235.4349,33.533,-24.956,0.035,22.399,0.029,308,3.6192,412.93,0.117,2.133,31,,,25,1.149,0,12078.9,10.4389,15.482301,2069.97,13.1646,17.048634,15536.6,14.269506,2.779127,,,0,,,,,,,0.002911,0.007447,0.004091,15.482301,0.002911,12078.9
0.003563,,,,,,,,93275001,,,,,,,,,,,,16,Pipeline,0.930999999999999,28.0,0,0.029743825253698,129.86595494695,-52.54962252544,129.86595601095,-52.54962327457,0.001,0.001,112,5321575122408647552,129.86577899493,0.0355,-52.54952285231,0.0392,6.5678,0.0424,154.9568,33.122,-24.219,0.046,22.595,0.047,335,-1.7015,307.4,0.0,0.0,31,,,26,0.934,0,4513.22,3.86248,16.55115,665.666,6.40597,18.280401,6069.76,15.289967,2.990435,,,0,,,,,465731290,,0.002908,0.010815,0.004904,16.55115,0.002908,4513.22
0.003371,,,,,,,,93275779,,,,,,,,,,,,16,Threshold,0.860999999999999,28.0,0,0.025597370903503,129.94385069485,-52.32121661072,129.94385153406,-52.32121739404,0.001,0.001,133,5321581959996214016,129.94367449925,0.0334,-52.32111204434,0.0395,6.7464,0.0414,162.9655,33.98,-24.347,0.045,23.704,0.044,340,3.1555,447.65,0.181,2.446,31,,,23,1.123,0,5795.39,5.97804,16.279661,898.262,8.75307,17.955034,7664.34,15.036709,2.918325,,,0,,,,,465726833,,0.002974,0.010942,0.004771,16.279661,0.002974,5795.39
0.001773,,,,,,,,93276234,,,,,,,,,,,,15,Pipeline,0.856999999999999,15.7197395014597,0,0.030858149077193,129.92085165089,-52.19537543418,129.92085084745,-52.19537543649,0.0,0.0,161,5321618724917007104,129.92067112736,0.0222,-52.19526962817,0.0231,6.5762,0.0253,260.2182,34.368,-24.787,0.03,23.807,0.029,325,0.091,330.42,0.0,0.0,31,,,26,1.003,0,12908.0,9.78275,15.41022,2356.92,17.6507,16.907679,16652.7,14.194181,2.713497,,,0,,,,,465767532,,0.002876,0.008596,0.005016,15.41022,0.002876,12908.0
0.005519,,,,,,,,93548114,,,,,,,,,,,,16,Pipeline,0.843,23.9849237622066,0,0.025708951328059,130.04168291198,-52.58653464757,130.04168055537,-52.58653519563,0.001,0.001,169,5318571840758892288,130.0415036353,0.0457,-52.58643033159,0.045,6.545,0.0503,130.0307,33.788,-24.185,0.061,23.594,0.059,321,2.3223,446.99,0.196,1.783,31,,,26,1.093,0,3889.52,3.66145,16.712627,420.937,7.01997,18.778,5651.3,15.367525,3.410475,,,0,,,,,465728909,,0.002939,0.018321,0.004774,16.712627,0.002939,3889.52
0.002899,IC2391b084016-5256,08:40:16.2,-52:56:29,20200114,GS2019B,08:40:16.2,-52:56:29,93549226,,,,,,,,,,,,11,Percentile,0.571,18.299457551794,0,0.033435094901164,130.06770060266,-52.9414371785,130.06770168601,-52.94143670707,0.0,0.0,28,5318546822567826944,130.06752930428,0.0144,-52.94133387109,0.0142,6.6551,0.0153,434.453,32.889,-23.374,0.018,23.138,0.017,322,2.185,1097.25,0.139,27.37,31,,,24,1.087,0,438102.0,530.396,11.583429,211598.0,899.498,12.024763,326045.0,10.964702,1.060062,7.14,5.52,5,5000.0,4.5,,,,,0.003053,0.005393,0.004965,11.583429,0.003053,438102.0
0.002301,IC2391b083953-5257,08:39:53.0,-52:57:57,20200114,GS2019B,08:39:53.0,-52:57:57,93549309,,,,,,,,,,,,11,Threshold,0.550000000000001,3.6917884077844,0,0.025228768073517,129.97103989186,-52.96579065914,129.97103898086,-52.96579098717,0.0,0.0,35,5318545521198976000,129.97086023758,0.0093,-52.96568437976,0.0096,6.6211,0.0103,644.7398,34.089,-24.222,0.012,23.987,0.011,344,-5.5069,562.68,0.061,5.329,31,,,25,0.795,0,403176.0,998.406,11.673631,192836.0,1511.83,12.125574,299964.0,11.055223,1.070352,16.85,1.66,5,5500.0,4.5,,,,,0.00385,0.008958,0.007394,11.673631,0.00385,403176.0
0.030985,IC2391f084010-5309,08:40:10.6,-53:09:54,20200109,GS2019B,08:40:10.6,-53:09:54,93549861,,,,,,,,,,,,13,Percentile,0.870999999999999,28.0,0,0.027563776711681,130.04402059684,-53.16492593072,130.04400855161,-53.16492124748,0.001,0.001,54,5318493260034937984,130.04382939797,0.0659,-53.16481969328,0.0692,6.5164,0.0725,89.8971,33.258,-24.166,0.088,22.85,0.089,360,91.6828,11839.6,0.857,426.9,31,,,28,5.976,0,52527.8,23.9423,13.886395,14199.4,35.8113,14.957867,57042.8,12.857393,2.100473,,,0,,,,,465740255,,0.002799,0.003909,0.003922,13.886395,0.002799,52527.8
0.007463,,,,,,,,93549955,,,,,,,,,,,,17,Pipeline,0.889999999999999,28.0,0,0.027496273915546,130.12629668323,-53.19192155933,130.12629738862,-53.1919235888,0.001,0.001,92,5318492568536759936,130.12611481724,0.0608,-53.19181841817,0.0625,6.6394,0.0675,98.3271,34.142,-24.612,0.08,23.663,0.09,327,-0.0719,352.78,0.0,0.0,31,,,25,0.996,0,2019.37,2.21831,17.42433,240.111,8.07122,19.387512,2865.22,16.105001,3.282511,,,0,,,,,465739946,,0.003002,0.036603,0.005359,17.42433,0.003002,2019.37
0.002371,,,,,,,,93550090,,,,,,,,,,,,16,Pipeline,0.889000000000001,28.0,0,0.029112948697869,129.95181622051,-53.23288030911,129.95181644967,-53.23287966492,0.001,0.001,12,5318117639374581760,129.95163227384,0.0475,-53.23277326503,0.0509,6.7021,0.0554,120.8966,34.473,-24.804,0.063,23.94,0.057,335,1.7028,408.72,0.206,1.745,31,,,26,1.066,0,3563.78,3.81415,16.807589,471.186,9.10704,18.65556,4895.39,15.523428,3.132132,,,0,,,,,465741568,,0.00299,0.02117,0.004599,16.807589,0.00299,3563.78
0.003365,,,,,,,,93550269,,,,,,,,,,,,14,Pipeline,0.874000000000001,28.0,0,0.032655520294183,130.03421128621,-53.29469625016,130.03420975069,-53.29469607357,0.0,0.0,66,5318116299344817024,130.03402706926,0.0171,-53.29458920876,0.0184,6.6598,0.0187,356.1654,34.376,-24.567,0.023,24.045,0.025,322,2.2917,374.43,0.0,0.0,31,,,27,1.091,0,21803.7,26.8596,14.84104,4526.08,25.4821,16.199238,26431.0,13.692612,2.506626,,,0,,,,,465741313,,0.003063,0.006719,0.004755,14.84104,0.003063,21803.7
0.001029,,,,,,,,93550295,,,,,,,,,,,,14,Threshold,0.887,27.4887099941096,0,0.033525051520682,129.97366722953,-53.30101689382,129.97366683961,-53.30101672842,0.0,0.0,21,5318116127546214400,129.97348294268,0.0122,-53.30091285808,0.0127,6.6322,0.0135,491.5463,34.024,-24.727,0.017,23.371,0.015,356,1.9327,380.13,0.0,0.0,31,,,27,1.073,0,43209.1,39.3954,14.09843,11653.1,42.7397,15.172436,46898.6,13.069996,2.10244,,,0,,,,,465741437,,0.002928,0.004862,0.004463,14.09843,0.002928,43209.1
0.002964,,,,,,,,93550659,,,,,,,,,,,,17,Pipeline,0.922000000000001,28.0,0,0.028162071640888,130.06704685305,-53.42989459241,130.06704700234,-53.42989541089,0.001,0.001,81,5318111557701045248,130.06686622582,0.0512,-53.42979054021,0.0586,6.5932,0.0575,114.762,33.824,-24.234,0.069,23.596,0.077,332,0.9571,389.01,0.0,0.0,31,,,25,1.037,0,2672.25,3.11803,17.120174,314.322,6.93682,19.095104,3731.73,15.818119,3.276985,,,0,,,,,,,0.003033,0.024123,0.005271,17.120174,0.003033,2672.25
0.003034,IC2391m084018-5330,08:40:18.3,-53:30:29,20200110,GS2019B,08:40:18.3,-53:30:29,93550865,,,,,,,,,,,,12,Threshold,0.814,5.53928938830419,0,0.028159786472238,130.07619259478,-53.50800108025,130.07619174784,-53.50800175584,0.0,0.0,14,5318097916884923520,130.07601510463,0.0109,-53.50790117879,0.0103,6.6857,0.0113,592.9841,32.723,-23.637,0.015,22.63,0.013,339,1.5261,564.75,0.073,5.789,31,,,26,1.059,0,134098.0,114.635,12.868814,49657.1,133.737,13.598589,121772.0,12.034028,1.564561,14.52,2.49,6,4000.0,3.0,,,465743641,,0.002907,0.004042,0.004532,12.868814,0.002907,134098.0
0.007195,,,,,,,,93551193,,,,,,,,,,,,17,Pipeline,0.873000000000001,28.0,0,0.027441421843601,130.03970362721,-53.63049096666,130.03970555758,-53.63049260505,0.002,0.002,127,5318096125874244352,130.03951945073,0.0898,-53.63038781789,0.0907,6.6308,0.0987,67.207,34.241,-24.831,0.133,23.577,0.133,302,-1.5179,292.3,0.0,0.0,31,,,25,0.937,0,1247.1,2.03031,17.947618,112.455,7.55556,20.2111,1816.99,16.599512,3.611588,,,0,,,,,465743889,,0.003274,0.073001,0.006297,17.947618,0.003274,1247.1
0.002874,,,,,,,,93551386,,,,,,,,,,,,16,Percentile,0.885999999999999,28.0,0,0.03344847306541,130.1161704856,-53.6934932306,130.11617140679,-53.69349264777,0.001,0.001,155,5318092591125652608,130.11598536691,0.0438,-53.69338624189,0.0454,6.7451,0.0484,139.4018,34.46,-24.785,0.058,23.941,0.057,369,-0.0925,397.37,0.098,0.372,31,,,28,0.996,0,3188.83,3.75221,16.92829,416.762,8.33447,18.788822,4419.69,15.634417,3.154406,,,0,,,,,465546936,,0.003037,0.021891,0.004872,16.92829,0.003037,3188.83
0.003347,,,,,,,,93552710,,,,,,,,,,,,15,Threshold,0.833,17.3503532036188,0,0.030313893566497,130.31025009771,-53.72037830251,130.31025061163,-53.72037918116,0.001,0.001,34,5317904162322274688,130.31006008994,0.0267,-53.72027746198,0.0295,6.7059,0.0302,221.7578,34.165,-25.366,0.035,22.887,0.034,332,2.5914,413.52,0.157,3.035,31,,,24,1.102,0,9882.19,9.32876,15.700234,1651.33,8.21824,17.293959,12796.0,14.480212,2.813747,,,0,,,,,465546200,,0.00294,0.006081,0.004209,15.700234,0.00294,9882.19
0.001622,,,,,,,,93553696,,,,,,,,,,,,17,Threshold,0.945,28.0,0,0.026905627841718,130.16860918754,-53.38072708523,130.16860962942,-53.38072745077,0.001,0.001,76,5318112004377552768,130.16842345407,0.0567,-53.38062270993,0.0595,6.6607,0.063,105.6436,34.347,-24.987,0.074,23.567,0.079,334,1.5801,424.02,0.308,2.827,31,,,25,1.061,0,2688.16,3.09614,17.113728,301.567,6.44393,19.140081,3838.74,15.787424,3.352657,,,0,,,,,465738494,,0.003026,0.023367,0.00461,17.113728,0.003026,2688.16
0.003426,,,,,,,,93554205,,,,,,,,,,,,17,Percentile,0.892999999999999,28.0,0,0.028706877828724,130.17016242535,-53.22546427413,130.17016336929,-53.22546350851,0.001,0.001,89,5318492224939330944,130.16997690661,0.0564,-53.22536272539,0.0609,6.5898,0.0622,105.9911,33.839,-25.117,0.074,22.676,0.078,322,1.8529,413.52,0.27,2.278,31,,,24,1.073,0,2799.87,2.72004,17.069523,328.437,7.86576,19.047411,4083.89,15.72021,3.327201,,,0,,,,,465739877,,0.00295,0.026152,0.004539,17.069523,0.00295,2799.87
0.006487,,,,,,,,93554428,,,,,,,,,,,,17,Pipeline,0.99,28.0,0,0.026414684370059,130.30154137009,-53.1528028807,130.3015427127,-53.15280449277,0.002,0.001,105,5318491022348593536,130.30136440855,0.0691,-53.15269993248,0.0738,6.4017,0.0782,81.8893,33.649,-24.058,0.09,23.526,0.103,347,-0.612,370.73,0.0,0.0,31,,,25,0.976,0,1490.34,2.07126,17.754154,152.823,7.36349,19.878067,2190.25,16.396664,3.481403,,,0,,,,,465718136,,0.003141,0.052388,0.005245,17.754154,0.003141,1490.34
0.003131,,,,,,,,93554453,,,,,,,,,,,,17,Percentile,0.862,17.6555898858692,0,0.028566208915744,130.17396420982,-53.14299256749,130.17396278686,-53.14299273472,0.001,0.001,102,5318492744638910848,130.17378610463,0.0534,-53.14288801278,0.0548,6.4868,0.0578,112.2084,33.523,-23.845,0.071,23.562,0.074,348,1.551,417.7,0.231,1.685,31,,,24,1.059,0,2655.61,2.59803,17.126957,362.193,9.88233,18.94119,3688.67,15.830722,3.110469,,,0,,,,,465739639,,0.002953,0.029755,0.004996,17.126957,0.002953,2655.61
0.001243,,,,,,,,93554492,,,,,,,,,,,,15,Threshold,0.834,28.0,0,0.028159175598452,130.15621129309,-53.12853307186,130.15621088783,-53.12853282692,0.001,0.001,81,5318493569273146496,130.1560201925,0.025,-53.12843007722,0.0265,6.5852,0.0283,232.6606,34.602,-25.745,0.034,23.119,0.039,320,0.6327,343.03,0.0,0.0,31,,,25,1.024,0,9656.09,7.20768,15.725363,1641.54,8.42945,17.300413,12509.9,14.504759,2.795654,,,0,,,,,465739682,,0.002872,0.006235,0.00409,15.725363,0.002872,9656.09
0.002626,,,,,,,,93555508,,,,,,,,,,,,15,Pipeline,0.815,28.0,0,0.029298379092296,130.18803613238,-52.81449035525,130.18803669595,-52.81449100031,0.0,0.0,166,5318554076773891328,130.18785988985,0.0203,-52.81439018765,0.0198,6.4334,0.0221,290.6431,33.055,-24.044,0.027,22.683,0.026,343,1.8386,393.45,0.079,1.349,31,,,27,1.071,0,16308.7,11.455,15.156319,2858.13,15.5579,16.698338,20896.6,13.947705,2.750632,,,0,,,,,,,0.002859,0.006536,0.004138,15.156319,0.002859,16308.7
0.002299,,,,,,,,93555522,,,,,,,,,,,,16,Threshold,0.877999999999998,16.2281210154167,0,0.024142332249171,130.28687849889,-52.8107416273,130.28687890369,-52.8107422173,0.001,0.001,113,5318552496225991680,130.28670356331,0.0452,-52.81063824534,0.046,6.6096,0.0507,130.4616,33.405,-23.847,0.061,23.394,0.073,304,-0.1273,339.55,0.0,2.325e-15,31,,,24,0.994,0,3477.46,3.28318,16.834211,386.103,8.31317,18.871784,4988.1,15.503058,3.368726,,,0,,,,,465727924,,0.00294,0.023543,0.005091,16.834211,0.00294,3477.46
0.002304,,,,,,,,93555536,,,,,,,,,,,,17,Pipeline,0.877000000000001,28.0,0,0.032208379307389,130.19602255248,-52.80861882431,130.19602361,-52.80861885526,0.001,0.001,102,5318554076773894400,130.19584400079,0.0572,-52.80851294888,0.0603,6.4495,0.0647,99.716,34.126,-24.428,0.072,23.829,0.079,299,-1.0209,295.06,0.0,0.0,31,,,25,0.957,0,2338.69,3.0792,17.264935,263.981,10.3037,19.284609,3327.39,15.942637,3.341971,,,0,,,,,,,0.003104,0.04247,0.005686,17.264935,0.003104,2338.69
0.00203,,,,,,,,93555601,,,,,,,,,,,,14,Threshold,0.92,28.0,0,0.028797172934218,130.20033075106,-52.79172962985,130.20033041316,-52.79172910443,0.0,0.0,116,5318554179853105024,130.20015244399,0.0173,-52.79162707903,0.0186,6.6386,0.0194,342.6498,33.366,-24.215,0.024,22.956,0.026,313,1.3665,339.91,0.0,0.0,31,,,26,1.054,0,21675.5,32.7909,14.847443,4489.22,37.8064,16.208115,26452.5,13.691731,2.516384,,,0,,,,,465728340,,0.003208,0.00956,0.007273,14.847443,0.003208,21675.5
0.003571,,,,,,,,93630086,,,,,,,,,,,,14,Threshold,0.914,28.0,0,0.025626702966613,130.30875582666,-52.67259488,130.30875553885,-52.67259390339,0.0,0.0,136,5318557237870027776,130.30857795388,0.0171,-52.67248934643,0.0165,6.5977,0.0186,355.577,33.771,-24.228,0.023,23.525,0.023,311,0.7953,318.7,0.0,0.0,31,,,24,1.031,0,25883.4,31.5938,14.654812,5763.11,35.1794,15.9369,30760.3,13.527921,2.408979,,,0,,,,,465721944,,0.003057,0.007191,0.004958,14.654812,0.003057,25883.4
0.00229,,,,,,,,93630147,,,,,,,,,,,,15,Threshold,0.885000000000002,16.9594185342217,0,0.03034770066448,130.29221891513,-52.65587075386,130.29221908905,-52.65587138107,0.0,0.0,108,5318557512747932672,130.29203459127,0.0196,-52.65576626022,0.0208,6.7278,0.0222,303.6748,34.547,-25.181,0.027,23.652,0.03,347,2.2305,407.47,0.083,1.459,31,,,25,1.085,0,16511.5,26.7226,15.1429,3122.44,20.0106,16.602308,20774.2,13.954083,2.648225,,,0,,,,,465721956,,0.003268,0.007497,0.005437,15.1429,0.003268,16511.5
0.000569,,,,,,,,93630218,,,,,,,,,,,,15,Pipeline,0.895,16.3160654973486,0,0.028349866765593,130.28415841595,-52.63490414783,130.28415852178,-52.63490429212,0.0,0.0,107,5318557581467400320,130.28397105044,0.0176,-52.63479724404,0.0198,6.7234,0.0204,329.4551,35.149,-25.599,0.024,24.086,0.027,361,1.2615,392.49,0.048,0.5209,31,,,26,1.047,0,17570.4,27.0115,15.075411,3420.27,29.4699,16.503391,21824.9,13.900516,2.602876,,,0,,,,,465722676,,0.003221,0.009762,0.005935,15.075411,0.003221,17570.4
0.005235,,,,,,,,93630403,,,,,,,,,,,,17,Pipeline,0.953999999999999,28.0,0,0.024041614100535,130.22997157223,-52.58056779286,130.22997170473,-52.58056634082,0.001,0.001,97,5318569676094904192,130.22978418751,0.0454,-52.58046324712,0.0509,6.6385,0.0525,126.3278,34.574,-25.637,0.06,23.196,0.067,325,-1.3186,330.98,0.0,0.0,31,,,25,0.947,0,3009.54,3.17335,16.991117,309.768,7.25184,19.110952,4372.15,15.646159,3.464793,,,0,,,,,465722586,,0.002984,0.02557,0.004478,16.991117,0.002984,3009.54
0.003581,,,,,,,,93631008,,,,,,,,,,,,17,Pipeline,0.886999999999999,28.0,0,0.030973408451486,130.22084061098,-52.38335679692,130.22084193364,-52.38335737781,0.001,0.001,105,5318598980649814144,130.22066439204,0.0579,-52.38325741874,0.0694,6.5096,0.0673,96.7736,33.171,-24.383,0.075,22.491,0.088,318,0.5805,366.87,0.176,0.742,31,,,25,1.022,0,2172.74,2.67297,17.344849,244.936,7.86438,19.36591,3071.92,16.029371,3.336538,,,0,,,,,465724050,,0.003062,0.034972,0.00527,17.344849,0.003062,2172.74
0.000365,,,,,,,,93631142,,,,,,,,,,,,16,Threshold,0.873000000000001,28.0,0,0.026778224464023,130.20115893691,-52.3415115457,130.20115881075,-52.34151161177,0.001,0.001,128,5318599362909734400,130.2009815617,0.0402,-52.3414101158,0.0429,6.5092,0.0453,143.7386,33.394,-24.365,0.051,22.837,0.052,328,-1.0426,327.82,0.0,0.0,31,,,24,0.958,0,4055.09,4.41343,16.667364,535.847,10.0973,18.51594,5661.46,15.365574,3.150366,,,0,,,,,465723756,,0.002998,0.020649,0.005062,16.667364,0.002998,4055.09
0.001807,,,,,,,,93830111,,,,,,,,,,,,15,Percentile,0.888999999999999,17.6555898858692,0,0.029143087234801,130.40495589917,-52.21217447122,130.40495508005,-52.21217448093,0.001,0.001,151,5318607540527504768,130.40476697559,0.0259,-52.21207065879,0.0267,6.6886,0.0292,228.9812,34.903,-25.933,0.036,23.36,0.033,357,1.3749,405.44,0.068,0.5597,31,,,27,1.051,0,8949.98,7.28273,15.807812,1515.44,9.66011,17.387194,11524.0,14.593887,2.793306,,,0,,,,,440885155,,0.002893,0.007462,0.004271,15.807812,0.002893,8949.98
0.00493,,,,,,,,93831298,,,,,,,,,,,,16,Threshold,0.878,28.0,0,0.027928942648764,130.44678006135,-52.55487096846,130.44678205824,-52.55487160224,0.001,0.001,74,5318581530206048256,130.44659781003,0.0355,-52.55477312365,0.0403,6.6433,0.04,165.9063,33.56,-25.205,0.045,22.158,0.054,329,2.3569,416.64,0.167,1.971,31,,,23,1.093,0,5826.26,9.03203,16.273893,854.469,13.0559,18.009302,7945.31,14.997619,3.011684,,,0,,,,,465720485,,0.003229,0.016823,0.005464,16.273893,0.003229,5826.26
0.002267,,,,,,,,93832146,,,,,,,,,,,,16,Threshold,0.848000000000001,28.0,0,0.027526886905141,130.46397507085,-52.81888341702,130.46397473461,-52.81888401291,0.001,0.001,80,5318551740311805440,130.46380060086,0.0481,-52.81878189022,0.0543,6.4472,0.0547,117.8731,32.994,-23.678,0.065,22.978,0.067,292,0.7181,333.45,0.12,0.5234,31,,,25,1.029,0,3193.93,2.84086,16.926556,437.914,11.5536,18.735071,4534.1,15.606668,3.128404,,,0,,,,,,,0.00292,0.028781,0.006333,16.926556,0.00292,3193.93
0.001858,IC2391m084157-5252,08:41:57.8,-52:52:14,20200112,GS2019B,08:41:57.8,-52:52:14,93832296,,,,,,,,,,,,12,Threshold,0.825000000000001,28.0,0,0.032608393482267,130.49103497156,-52.87053915955,130.49103438827,-52.87053953674,0.0,0.0,102,5318504426950057728,130.49084556489,0.0099,-52.87043822842,0.0115,6.6058,0.0115,573.1862,34.311,-25.645,0.013,22.794,0.015,290,-0.3332,392.58,0.056,2.954,31,,,25,0.985,0,138203.0,137.49,12.836071,51361.8,230.009,13.561942,125173.0,12.004119,1.557823,17.12,2.11,3,4000.0,3.0,,,465716504,,0.002959,0.005606,0.004605,12.836071,0.002959,138203.0
0.008664,,,,,,,,93832597,,,,,,,,,,,,15,Threshold,0.862,17.5526579739218,0,0.027662705119828,130.47322936247,-52.96544735624,130.47322931184,-52.96544976285,0.001,0.001,82,5318502743323310848,130.4730470676,0.027,-52.96534556963,0.0314,6.5513,0.0312,209.9225,34.052,-24.697,0.039,23.444,0.044,295,1.0722,330.66,0.093,0.9961,31,,,24,1.044,0,9148.92,11.2025,15.783942,1453.15,14.8976,17.432768,12162.0,14.535379,2.897389,,,0,,,,,465716214,,0.003059,0.011475,0.005387,15.783942,0.003059,9148.92
0.003256,,,,,,,,93833197,,,,,,,,,,,,15,Threshold,0.875,8.78982891225867,0,0.030284887595946,130.4129223314,-53.15656257393,130.41292155793,-53.15656335047,0.001,0.001,106,5318490476885356928,130.41273197411,0.0256,-53.15645644909,0.0277,6.8248,0.029,235.0387,35.111,-25.578,0.036,24.053,0.039,337,2.8539,430.72,0.101,1.312,31,,,27,1.112,0,9641.07,6.16264,15.727055,1612.16,17.3951,17.320019,12972.7,14.465323,2.854695,,,0,,,,,,,0.002841,0.012043,0.004553,15.727055,0.002841,9641.07
0.007243,,,,,,,,93833201,,,,,,,,,,,,16,Pipeline,0.821999999999999,28.0,0,0.029644468272092,130.39984915235,-53.15745226994,130.39984969336,-53.15745425568,0.001,0.001,100,5318490545615836032,130.39966670605,0.0385,-53.15735061092,0.0425,6.6704,0.0443,150.4282,33.96,-24.688,0.054,23.32,0.06,339,-0.3258,359.37,0.07,0.2507,31,,,26,0.986,0,4114.77,3.88777,16.651505,540.805,8.64501,18.50594,5708.89,15.356517,3.149423,,,0,,,,,465717913,,0.00294,0.017579,0.004463,16.651505,0.00294,4114.77
0.00068,,,,,,,,93833575,,,,,,,,,,,,17,Pipeline,0.881,5.44906101002238,0,0.034939077513384,130.37149577839,-53.27285264199,130.37149601172,-53.27285251478,0.001,0.001,116,5318477759489411072,130.37131113723,0.0532,-53.27275309003,0.0588,6.7078,0.0595,112.7904,33.455,-24.875,0.07,22.371,0.075,329,0.3355,366.16,0.192,1.064,31,,,26,1.012,0,2638.43,3.0314,17.134005,325.579,6.6106,19.056902,3661.83,15.838651,3.218251,,,0,,,,,465736646,,0.003025,0.022221,0.005395,17.134005,0.003025,2638.43
0.00171,,,,,,,,93833806,,,,,,,,,,,,14,Threshold,0.869999999999999,28.0,0,0.025214567289952,130.46478875768,-53.34988462489,130.46478850037,-53.34988417532,0.0,0.0,114,5318476423763513344,130.46460572159,0.0156,-53.34978104918,0.0173,6.545,0.018,364.3696,33.779,-24.549,0.021,23.203,0.023,310,-0.175,294.37,0.0,0.0,31,,,26,0.992,0,25268.8,38.4856,14.680906,5463.18,43.6126,15.994928,30169.5,13.548975,2.445953,,,0,,,,,465735670,,0.003213,0.009105,0.005215,14.680906,0.003213,25268.8
0.008001,,,,,,,,93834269,,,,,,,,,,,,16,Percentile,0.868,28.0,0,0.028481762447472,130.49025009659,-53.51914144746,130.49025098928,-53.51914360553,0.001,0.001,115,5318282566122736256,130.49006381018,0.0369,-53.51903560612,0.0475,6.7468,0.0436,154.8858,34.892,-25.04,0.049,24.3,0.055,293,0.6581,326.11,0.104,0.6203,31,,,24,1.026,0,5044.33,4.11313,16.430359,728.478,9.02955,18.1825,6810.01,15.165026,3.017475,,,0,,,,,465539399,,0.002894,0.013744,0.00413,16.430359,0.002894,5044.33
0.001213,,,,,,,,93835400,,,,,,,,,,,,16,Threshold,0.908999999999999,16.8644220923929,0,0.028303928226654,130.40328857903,-53.93386103634,130.40328903223,-53.93386083066,0.001,0.001,12,5317886329617953536,130.40309688059,0.0495,-53.93375267912,0.0451,6.7095,0.0508,132.1282,35.214,-25.453,0.064,24.334,0.054,314,5.752,541.6,0.29,5.123,31,,,25,1.239,0,4768.72,4.62145,16.491362,563.81,9.19305,18.46071,6763.71,15.172434,3.288277,,,0,,,,,465544162,,0.002949,0.017922,0.004292,16.491362,0.002949,4768.72
0.005675,,,,,,,,93835716,,,,,,,,,,,,17,Pipeline,0.843,28.0,0,0.028430621799776,130.6339567181,-53.86106310781,130.6339552991,-53.86106444387,0.001,0.001,106,5317887802784122880,130.63376669055,0.0508,-53.86096184704,0.0547,6.514,0.0563,115.783,34.048,-25.027,0.064,23.084,0.066,324,-2.1498,298.32,0.0,0.0,31,,,24,0.915,0,2767.82,2.85371,17.082024,344.816,9.02107,18.994572,3870.19,15.778564,3.216008,,,0,,,,,465541909,,0.002974,0.028542,0.004613,17.082024,0.002974,2767.82
0.001813,,,,,,,,93836256,,,,,,,,,,,,15,Pipeline,0.872000000000002,28.0,0,0.028505780585997,130.59648040904,-53.6885424282,130.59647968805,-53.68854216088,0.0,0.0,89,5318277412161521024,130.59629065029,0.0192,-53.68844279907,0.0225,6.5703,0.0213,307.8741,33.678,-25.187,0.025,22.356,0.028,389,3.3867,494.47,0.078,1.226,31,,,25,1.124,0,14690.6,9.17819,15.26977,2681.38,14.9546,16.767645,18626.8,14.072547,2.695098,,,0,,,,,465538854,,0.002838,0.006667,0.00434,15.26977,0.002838,14690.6
0.000277,,,,,,,,93836787,,,,,,,,,,,,14,Pipeline,0.904999999999999,20.1351934416799,0,0.024236366935723,130.6707877841,-53.50995703142,130.67078780952,-53.50995710683,0.0,0.0,109,5318283012799031808,130.6706074169,0.0132,-53.50985172629,0.016,6.6044,0.015,440.9335,33.835,-24.137,0.018,23.711,0.021,365,3.2886,434.06,0.047,0.9679,31,,,26,1.124,0,35151.8,32.8181,14.322498,8586.69,42.7222,15.503978,39980.4,13.243277,2.260701,,,0,,,,,465537627,,0.002936,0.00608,0.004483,14.322498,0.002936,35151.8
0.001483,IC2391f084218-5301,08:42:18.6,-53:01:57,20200112,GS2019B,08:42:18.6,-53:01:57,93911997,DOUGLAS,h212008_f1r,2020-01-12,716,0.044,103.778,0.998,0.0,0.8,0.035,a,13,Threshold,0.857000000000001,0.257736229061233,0,0.027312975739167,130.57731886432,-53.03246469949,130.57731818719,-53.03246463679,0.0,0.0,86,5318498688873909632,130.57714540197,0.0122,-53.03236095024,0.0149,6.6011,0.0143,463.0736,33.028,-23.379,0.017,23.33,0.019,315,11.4353,653.4,0.11,11.33,31,,,25,1.492,0,104248.0,61.2851,13.142198,28078.0,74.5975,14.217628,113942.0,12.106186,2.111442,,,0,,,,,465715945,,0.002828,0.004013,0.004023,13.142198,0.002828,104248.0
0.002191,,,,,,,,93912230,,,,,,,,,,,,13,Threshold,0.875,11.0071546505228,0,0.028799889658803,130.62786548381,-52.95957804127,130.62786459165,-52.95957775579,0.0,0.0,157,5318500063263771008,130.62768163597,0.0106,-52.95947647136,0.0116,6.6263,0.0124,534.1714,33.678,-24.797,0.015,22.789,0.014,310,0.8843,305.44,0.0,0.0,31,,,26,1.035,0,67776.5,62.6568,13.609669,20408.7,65.4767,14.564002,69733.7,12.639288,1.924714,,,0,,,,,465715588,,0.002932,0.004463,0.004385,13.609669,0.002932,67776.5
0.005877,IC2391b084214-5256,08:42:14.8,-52:56:02,20190522,GS2019A,08:42:14.8,-52:56:02,93912319,DOUGLAS,h630081_f1r,2019-05-22,832,0.048,352.441,0.751,0.31,0.91,0.043,"a,b",10,Percentile,0.558,0.223191866888371,0,0.026416161912088,130.56148236444,-52.93398094635,130.56148206468,-52.93397932389,0.0,0.0,74,5318500303781947776,130.56130034898,0.018,-52.93387696841,0.0209,6.7353,0.0209,322.8022,33.73,-24.643,0.023,23.03,0.026,268,16.6153,1853.53,0.189,42.24,31,,,24,1.804,0,1204600.0,1359.98,10.485261,588064.0,2216.51,10.914981,875629.0,9.892095,1.022886,,,0,,,,,465715770,,0.003016,0.004953,0.00477,10.485261,0.003016,1204600.0
0.002222,,,,,,,,93912428,,,,,,,,,,,,14,Threshold,0.901999999999999,17.759736141063,0,0.033519279561487,130.52054675722,-52.8983085894,130.52054601265,-52.89830816594,0.0,0.0,97,5318503533597353856,130.52036664938,0.0175,-52.89820475885,0.0199,6.6138,0.0199,331.8499,33.675,-24.344,0.024,23.267,0.025,292,2.6728,351.04,0.054,0.8223,31,,,26,1.112,0,22674.1,14.8626,14.798543,4632.91,21.4192,16.173908,27627.9,13.644525,2.529384,,,0,,,,,465716444,,0.002846,0.005743,0.003981,14.798543,0.002846,22674.1
0.006045,,,,,,,,93912895,,,,,,,,,,,,14,Pipeline,0.881,28.0,0,0.028930287609829,130.53664844375,-52.74711783891,130.53664770827,-52.74711945799,0.0,0.0,141,5318575482892257536,130.5364656537,0.0232,-52.74701549783,0.0238,6.6609,0.0262,253.8311,34.088,-24.796,0.029,23.391,0.028,290,18.216,914.56,0.225,23.03,31,,,25,1.852,0,45344.1,42.5083,14.046064,10510.6,46.5354,15.284469,52891.2,12.939438,2.345031,,,0,,,,,465710180,,0.002937,0.005558,0.004483,14.046064,0.002937,45344.1
0.005588,,,,,,,,93912903,,,,,,,,,,,,17,Pipeline,0.893000000000001,18.6393289841566,0,0.030813000603462,130.50561602614,-52.74505191158,130.50561664704,-52.74505341752,0.001,0.001,124,5318575654690961152,130.50543726416,0.0546,-52.74494779669,0.0603,6.629,0.0635,104.3568,34.084,-24.433,0.07,23.765,0.072,280,0.3247,325.78,0.238,1.791,31,,,23,1.013,0,3071.0,3.13258,16.969168,321.994,7.17462,19.068924,4455.96,15.625542,3.443382,,,0,,,,,465721528,,0.00297,0.024353,0.00414,16.969168,0.00297,3071.0
0.003776,,,,,,,,93914694,,,,,,,,,,,,13,Percentile,0.840999999999999,10.6943701779849,0,0.02712725999283,130.54709813255,-52.17311804555,130.54709693279,-52.17311729798,0.001,0.001,112,5318608536959995648,130.54691563491,0.0263,-52.17301518703,0.0298,6.4669,0.0303,213.1058,33.966,-25.017,0.035,22.975,0.036,358,36.6175,2302.4,0.333,72.27,31,,,26,2.657,0,60024.7,39.7404,13.741543,14034.9,42.719,14.970521,69655.7,12.640504,2.330017,,,0,,,,,440883341,,0.002848,0.004325,0.004106,13.741543,0.002848,60024.7
0.004793,,,,,,,,94103243,,,,,,,,,,,,16,Percentile,0.901,28.0,0,0.029518057529953,130.81453945665,-52.64704292282,130.81453853486,-52.64704171467,0.001,0.001,34,5318536037910263808,130.81435447173,0.0333,-52.64694077331,0.0365,6.5422,0.0383,170.8455,33.87,-25.127,0.044,22.712,0.042,341,2.6103,466.9,0.169,2.426,31,,,24,1.101,0,6801.19,6.04738,16.105904,864.119,9.4614,17.997108,9577.64,14.794749,3.202359,,,0,,,,,465708090,,0.00292,0.012211,0.004584,16.105904,0.00292,6801.19
0.001998,,,,,,,,94103916,,,,,,,,,,,,15,Percentile,0.824999999999999,17.9717586649551,0,0.025456393934131,130.70430830155,-52.87104840257,130.70430805823,-52.87104786725,0.001,0.001,141,5318524183800706048,130.7041192523,0.0309,-52.87094275781,0.0342,6.5669,0.0357,183.9673,34.883,-25.642,0.04,23.65,0.039,282,0.158,320.96,0.109,1.1,31,,,24,1.006,0,7812.16,8.04556,15.95544,975.226,10.4761,17.86578,10954.6,14.6489,3.21688,,,0,,,,,,,0.002974,0.011992,0.004256,15.95544,0.002974,7812.16
0.006826,,,,,,,,94104238,,,,,,,,,,,,17,Threshold,0.935,28.0,0,0.029340397245263,130.81304450883,-52.97303153568,130.81304358835,-52.97302972231,0.002,0.002,151,5318510989661480832,130.8128641732,0.086,-52.97292602761,0.0874,6.6496,0.0951,69.9151,33.694,-24.309,0.122,23.331,0.114,299,4.7236,494.85,0.563,5.535,31,,,23,1.2,0,1732.62,3.676,17.590612,177.406,7.97804,19.716124,2690.42,16.173346,3.542778,,,0,,,,,465709275,,0.003591,0.048906,0.004978,17.590612,0.003591,1732.62
0.001323,,,,,,,,94104511,,,,,,,,,,,,16,Percentile,0.91,28.0,0,0.030751772228762,130.70198032029,-53.05510751563,130.70197998074,-53.05510782132,0.001,0.001,110,5318486834764273792,130.70179636167,0.0393,-53.05500466063,0.0455,6.4237,0.0455,141.2447,33.991,-24.832,0.052,23.211,0.056,333,-0.8277,330.18,0.0,0.0,31,,,24,0.967,0,3823.17,2.88334,16.731308,530.031,8.04358,18.52779,5251.67,15.447151,3.080639,,,0,,,,,465712415,,0.002874,0.016711,0.004805,16.731308,0.002874,3823.17
0.002722,,,,,,,,94104642,,,,,,,,,,,,14,Percentile,0.882,28.0,0,0.027842312777143,130.74457259278,-53.09836975369,130.74457384806,-53.09836981247,0.0,0.0,68,5318485735252703232,130.74438620561,0.0172,-53.0982679856,0.019,6.7328,0.0198,339.8893,34.17,-25.35,0.023,22.911,0.024,366,2.8347,446.25,0.084,1.929,31,,,27,1.106,0,19762.9,12.4758,14.947742,3302.77,12.7412,16.541346,25637.2,13.725718,2.815628,,,0,,,,,465712698,,0.002839,0.005033,0.004082,14.947742,0.002839,19762.9
0.159297,,,,,,,,94104828,,,,,,,,,,,,17,Pipeline,0.958,28.0,0,0.02725436933378,130.69702954869,-53.15632770704,130.69695898599,-53.15634065659,0.002,0.002,119,5318485112475587712,130.69677464323,0.0959,-53.1562372746,0.1098,6.5811,0.1054,62.4679,34.054,-24.871,0.122,23.261,0.137,285,2.0499,375.43,0.471,2.782,31,,,23,1.087,0,1318.83,1.872,17.886898,120.037,12.8057,20.140253,2057.22,16.464697,3.675556,,,0,,,,,465712669,,0.003157,0.115861,0.006244,17.886898,0.003157,1318.83
0.002131,,,,,,,,94105182,,,,,,,,,,,,17,Pipeline,0.850999999999999,28.0,0,0.02353812399732,130.77828939616,-53.26250808659,130.7782898682,-53.2625086067,0.001,0.001,119,5318480748787498112,130.77810910692,0.064,-53.26240439168,0.0635,6.5228,0.068,95.8734,33.788,-24.328,0.077,23.448,0.085,295,0.0124,321.32,0.143,0.4896,31,,,24,0.999,0,2312.71,2.7397,17.277065,273.516,6.75767,19.246084,3230.63,15.974676,3.271408,,,0,,,,,465713237,,0.003041,0.02697,0.005053,17.277065,0.003041,2312.71
0.003707,,,,,,,,94105777,,,,,,,,,,,,16,Pipeline,0.875,27.4887099941096,0,0.026702786997687,130.76472457279,-53.44922737371,130.76472285111,-53.44922727763,0.001,0.001,127,5318289472429930112,130.76453637384,0.0428,-53.44912708198,0.0466,6.4463,0.0475,135.5708,33.654,-24.987,0.058,22.544,0.062,342,0.3021,369.73,0.139,0.8641,31,,,26,1.011,0,3717.31,3.70392,16.761795,559.296,14.098,18.469439,5105.07,15.477892,2.991547,,,0,,,,,465537049,,0.00296,0.02751,0.00509,16.761795,0.00296,3717.31
0.004302,IC2391b084300-5354,08:43:00.4,-53:54:08,20190522,GS2019A,08:43:00.4,-53:54:08,94107183,DOUGLAS,h630079_f1r,2019-05-22,832,0.922,71.046,0.016,4.47,0.72,0.666,b,10,Pipeline,0.501000000000001,3.11502219453314,0,0.02721461105445,130.7516798477,-53.90212058825,130.75168086646,-53.90212162164,0.0,0.0,109,5317884439832479872,130.75150406752,0.0125,-53.90201899172,0.0128,6.4553,0.0131,491.9522,32.902,-23.437,0.016,23.092,0.016,317,1.2167,813.19,0.109,17.13,31,,,25,1.048,0,823613.0,1146.04,10.898059,434222.0,2013.82,11.244263,575834.0,10.347153,0.89711,16.48,4.82,5,5250.0,5.0,,,465541513,,0.003142,0.005757,0.005207,10.898059,0.003142,823613.0
0.003749,IC2391b084359-5333,08:43:59.0,-53:33:44,20190522,GS2019A,08:43:59.0,-53:33:44,94182717,,,,,,,,,,,,11,Percentile,0.523999999999999,2.25098480585256,0,0.030110617885082,130.99590000899,-53.56212537936,130.99589933223,-53.56212634006,0.0,0.0,114,5318272670517874560,130.99570584543,0.0088,-53.56201864071,0.0095,6.7405,0.0101,669.4222,35.437,-25.857,0.012,24.232,0.013,386,-5.1688,767.32,0.08,10.59,31,,,27,0.818,0,447180.0,653.706,11.561161,217959.0,1134.8,11.992605,329082.0,10.954637,1.037969,,,0,,,,,,,0.00318,0.006304,0.005755,11.561161,0.00318,447180.0
0.009189,,,,,,,,94182756,,,,,,,,,,,,17,Pipeline,0.902000000000001,28.0,0,0.032228790676735,130.95038563065,-53.54911393811,130.95038506645,-53.54911140761,0.001,0.001,106,5318273323353105536,130.95019181041,0.0545,-53.54900723816,0.0615,6.6793,0.063,106.0719,34.882,-25.834,0.077,23.438,0.082,357,-0.4612,380.71,0.199,1.073,31,,,24,0.982,0,2359.41,3.03265,17.25536,295.656,5.42424,19.161575,3366.56,15.929931,3.231645,,,0,,,,,465535951,,0.003089,0.020114,0.004967,17.25536,0.003089,2359.41
0.000958,,,,,,,,94183782,,,,,,,,,,,,15,Pipeline,0.863000000000001,28.0,0,0.027807690114053,130.89057705171,-53.2330156491,130.8905768483,-53.23301541233,0.0,0.0,95,5318293526879324288,130.89038679512,0.0217,-53.2329118152,0.0209,6.6064,0.0232,284.6948,34.619,-25.596,0.027,23.309,0.028,336,0.3462,347.57,0.0,0.0,31,,,27,1.012,0,13539.2,12.8563,15.358383,2454.48,14.0288,16.863642,17124.3,14.163865,2.699777,,,0,,,,,465711718,,0.002942,0.006804,0.00444,15.358383,0.002942,13539.2
0.004655,,,,,,,,94184079,,,,,,,,,,,,16,Pipeline,0.862999999999999,14.9397076085797,0,0.029933393093075,130.91396083768,-53.13212174784,130.91396226366,-53.13212271732,0.001,0.001,99,5318505285944674432,130.91378165498,0.0313,-53.13201547861,0.0344,6.6089,0.0359,183.9014,34.302,-24.381,0.041,24.129,0.045,362,0.0447,390.04,0.073,0.4071,31,,,26,1.001,0,5740.95,4.03556,16.289907,791.048,6.55177,18.093035,7847.71,15.011038,3.081997,,,0,,,,,465712000,,0.002859,0.009415,0.004164,16.289907,0.002859,5740.95
0.001108,,,,,,,,94184554,,,,,,,,,,,,16,Percentile,0.873999999999999,28.0,0,0.026223596618457,131.01935746323,-53.0004580066,131.01935705805,-53.00045781902,0.001,0.001,174,5318508309601658496,131.01917786048,0.0445,-53.00035298127,0.0445,6.5455,0.0485,134.9788,33.841,-24.265,0.058,23.589,0.054,343,-0.187,369.44,0.0,0.0,31,,,24,0.992,0,3318.08,2.65632,16.885149,423.737,7.05275,18.770802,4612.37,15.588084,3.182717,,,0,,,,,465705790,,0.002889,0.018285,0.004302,16.885149,0.002889,3318.08
0.001466,IC2391f084327-5257,08:43:27.9,-52:57:36,20200109,GS2019B,08:43:27.9,-52:57:36,94184691,,,,,,,,,,,,13,Threshold,0.810000000000001,28.0,0,0.026765216933274,130.86608320136,-52.95997217236,130.86608360727,-52.95997249785,0.0,0.0,169,5318510332522027008,130.86590463907,0.0098,-52.95986394064,0.0095,6.6129,0.0111,596.0891,34.423,-24.256,0.014,24.425,0.012,346,0.7882,342.01,0.0,0.0,31,,,26,1.029,0,87661.6,163.029,13.330343,28303.1,250.72,14.208957,87774.9,12.38947,1.819487,,,0,,,,,,,0.003416,0.010014,0.006834,13.330343,0.003416,87661.6
0.004261,,,,,,,,94185042,,,,,,,,,,,,16,Percentile,0.824999999999999,24.5721807810443,0,0.032681321474602,130.91007151099,-52.8486506183,130.91007342021,-52.84865035049,0.001,0.001,30,5318513459254598528,130.90988815273,0.0418,-52.84854967195,0.0388,6.4336,0.0433,148.4859,33.866,-25.175,0.053,22.653,0.05,332,1.8571,409.23,0.175,1.815,31,,,26,1.072,0,4856.38,5.94312,16.471586,650.344,8.40989,18.305685,6722.77,15.179025,3.12666,,,0,,,,,465707568,,0.003059,0.014315,0.006119,16.471586,0.003059,4856.38
0.000275,IC2391f084346-5250,08:43:46.9,-52:50:52,20200114,GS2019B,08:43:46.9,-52:50:52,94185045,,,,,,,,,,,,13,Pipeline,0.837,4.55121745066805,0,0.028588324907883,130.94522788523,-52.84782414842,130.94522776133,-52.84782413339,0.0,0.0,15,5318513532282032512,130.94504365804,0.0099,-52.84772021072,0.0092,6.6172,0.0104,635.22,34.243,-25.017,0.013,23.383,0.011,381,-0.154,350.52,0.0,0.0,31,,,28,0.994,0,79842.7,54.8737,13.431779,25499.1,72.349,14.322228,79380.0,12.498617,1.823611,,,0,,,,,465707555,,0.002855,0.004156,0.004126,13.431779,0.002855,79842.7
0.002557,IC2391b084426-5242,08:44:26.2,-52:42:32,20190522,GS2019A,08:44:26.2,-52:42:32,144752281,,,,,,,,,,,,11,Pipeline,0.430000000000002,3.08945062947557,0,0.028166070045227,131.10899754388,-52.7089798722,131.10899720019,-52.70898055133,0.0,0.0,16,5318521671232021632,131.10881511263,0.0113,-52.70887590023,0.0108,6.6041,0.0123,536.6763,34.214,-24.822,0.015,23.546,0.013,395,-4.4435,1069.72,0.111,20.02,31,,,26,0.844,0,573979.0,796.365,11.290128,289888.0,1344.74,11.682965,407736.0,10.721949,0.961017,13.84,2.47,11,5250.0,4.5,,,440866771,,0.00314,0.005758,0.005469,11.290128,0.00314,573979.0
0.001579,,,,,,,,144755157,,,,,,,,,,,,15,Threshold,0.811999999999999,28.0,0,0.03032526406397,131.05243015708,-53.62620161007,131.05243080287,-53.62620139656,0.001,0.0,133,5318269371982962432,131.05223908943,0.0231,-53.62609635692,0.0243,6.6603,0.0259,257.2751,34.828,-25.582,0.032,23.634,0.032,354,3.3473,457.85,0.124,2.615,31,,,27,1.128,0,12539.6,12.7529,15.441662,2154.81,11.9281,17.005022,16145.7,14.227756,2.777267,,,0,,,,,465535626,,0.002968,0.006626,0.004565,15.441662,0.002968,12539.6
0.002043,,,,,,,,144755455,,,,,,,,,,,,11,Threshold,0.603,4.92333661555774,0,0.028689170417318,131.04251152876,-53.72602161751,131.04251131771,-53.72602217121,0.0,0.0,35,5318267653995965568,131.04232332901,0.0087,-53.7259154464,0.0089,6.6873,0.0097,688.7202,34.683,-25.025,0.011,24.013,0.011,349,-3.2118,510.19,0.052,4.138,31,,,27,0.879,0,315151.0,455.287,11.94107,142489.0,757.561,12.454087,246085.0,11.270183,1.183905,12.63,1.28,5,5000.0,3.0,,,465532800,,0.00317,0.006411,0.005516,11.94107,0.00317,315151.0
0.008927,,,,,,,,144757228,,,,,,,,,,,,17,Pipeline,0.903,28.0,0,0.033202441823494,131.25795332534,-53.55785782758,131.25795713757,-53.55785681699,0.002,0.002,91,5318270604630115840,131.2577675925,0.0773,-53.55775839985,0.0867,6.61,0.0909,72.7147,33.647,-25.333,0.101,22.144,0.101,346,1.312,486.08,0.448,3.369,95,1.2062,0.0218,26,1.05,0,1491.83,1.7832,17.753065,165.502,5.60177,19.791533,2177.26,16.40312,3.388413,,,0,,,,,465508862,,0.003046,0.036855,0.005279,17.727474,0.003033,1527.41
0.004067,,,,,,,,144758965,,,,,,,,,,,,16,Pipeline,0.898,13.2325141776938,0,0.032879289622839,131.35295438752,-53.02296749212,131.3529560899,-53.02296796941,0.001,0.001,11,5318322182901778304,131.35277290085,0.037,-53.0228653514,0.0385,6.6433,0.043,154.6606,33.879,-24.792,0.049,23.089,0.045,332,1.7432,396.54,0.137,1.212,31,,,25,1.068,0,5114.55,3.74678,16.415348,771.725,8.52853,18.119884,6780.03,15.169816,2.950069,,,0,,,,,465702720,,0.002868,0.012319,0.004417,16.415348,0.002868,5114.55
0.007119,,,,,,,,144759078,,,,,,,,,,,,16,Pipeline,0.884,12.4140988694303,0,0.033041751722237,131.32845966946,-52.99049231055,131.32845679645,-52.99049135178,0.001,0.001,102,5318325511487968384,131.3282740785,0.0458,-52.99039205761,0.0509,6.4985,0.0521,124.8237,33.34,-24.747,0.059,22.341,0.061,361,0.6126,407.92,0.187,1.349,31,,,27,1.022,0,3178.05,3.47813,16.931965,414.487,6.80787,18.794765,4415.66,15.635407,3.159359,,,0,,,,,465702759,,0.003001,0.01805,0.004684,16.931965,0.003001,3178.05
0.002817,IC2391m084526-5252,08:45:26.9,-52:52:02,20200109,GS2019B,08:45:26.9,-52:52:02,144759493,,,,,,,,,,,,12,Threshold,0.681000000000001,28.0,0,0.029177061795884,131.36221480608,-52.86725109348,131.3622137542,-52.86725155086,0.0,0.0,8,5318328676892604800,131.36202653595,0.0085,-52.86714693549,0.0086,6.7026,0.0095,707.7354,34.651,-25.429,0.012,23.538,0.01,355,-1.3437,451.01,0.044,2.609,31,,,26,0.949,0,208700.0,459.533,12.388563,88179.3,650.671,12.975126,173374.0,11.650435,1.324691,11.48,1.97,4,4250.0,4.5,,,440863242,,0.003648,0.008484,0.006897,12.388563,0.003648,208700.0
0.007388,,,,,,,,144759807,,,,,,,,,,,,16,Threshold,0.863999999999999,28.0,0,0.025926674180208,131.23148959425,-52.77825731556,131.23149035359,-52.77825531534,0.001,0.001,179,5318517449291928960,131.23130598876,0.044,-52.77815180158,0.0431,6.703,0.0488,137.2722,34.236,-25.093,0.058,23.291,0.055,352,1.7529,438.02,0.23,2.639,31,,,26,1.066,0,4062.45,4.00561,16.665396,532.405,5.0868,18.522936,5712.27,15.355873,3.167063,,,0,,,,,440866447,,0.002956,0.010742,0.004932,16.665396,0.002956,4062.45
0.002359,,,,,,,,144995898,,,,,,,,,,,,16,Percentile,0.870000000000001,28.0,0,0.02370679487562,131.47401137133,-53.16821782049,131.47401101976,-53.16821844107,0.001,0.001,117,5318308610805052672,131.47382344827,0.043,-53.1681142048,0.0476,6.6573,0.0511,130.1623,34.498,-25.3,0.057,23.453,0.057,326,1.8424,400.37,0.194,1.882,31,,,25,1.073,0,3995.86,3.65835,16.68334,552.267,9.48216,18.48317,5462.15,15.404488,3.078682,,,0,,,,,465500917,,0.002929,0.018849,0.004417,16.68334,0.002929,3995.86
0.003147,IC2391b084547-5325,08:45:47.9,-53:25:51,20190522,GS2019A,08:45:47.9,-53:25:51,144996772,,,,,,,,,,,,10,Pipeline,0.381,0.759998045719311,0,0.031715321201861,131.44978847351,-53.43072793709,131.44978749973,-53.43072859094,0.0,0.0,17,5318296275658773888,131.44959386296,0.0104,-53.43062353867,0.0113,6.768,0.012,564.3521,35.107,-25.958,0.014,23.637,0.013,337,-2.2177,662.29,0.085,9.094,31,,,27,0.914,0,1715310.0,1792.73,10.101507,949878.0,2922.98,10.394372,1107410.0,9.637128,0.757244,15.83,8.73,4,6250.0,4.5,,,465506579,,0.00298,0.004353,0.00463,10.101507,0.00298,1715310.0
0.001633,IC2391b084615-5345,08:46:15.3,-53:45:23,20190522,GS2019A,08:46:15.3,-53:45:23,144997798,,,,,,,,,,,,10,Pipeline,0.370000000000001,0.889038473139925,0,0.033711021348116,131.5636444734,-53.75625838505,131.56364466535,-53.75625882415,0.0,0.0,16,5318229274167094656,131.56345905032,0.0118,-53.75615647845,0.0118,6.6867,0.0133,502.3663,33.763,-24.691,0.016,23.028,0.014,314,-0.3131,755.7,0.102,14.07,31,,,25,0.986,0,1520810.0,1505.57,10.232181,833041.0,2528.23,10.536876,984582.0,9.764766,0.77211,16.0,0.83,6,6250.0,4.5,,,465504319,,0.002958,0.004318,0.004645,10.232181,0.002958,1520810.0
